Seconds	CPU	HD0	Core 0	Core 1	Core 2	Core 3
39818	123.5	48.0	47.0	47.0	49.0	48.0
39821	123.5	48.0	47.0	47.0	49.0	48.0
39825	123.5	48.0	47.0	47.0	48.0	48.0
39828	123.5	48.0	46.0	46.0	46.0	47.0
39831	123.5	48.0	47.0	47.0	49.0	48.0
39834	123.5	48.0	47.0	47.0	48.0	48.0
39837	123.5	48.0	46.0	46.0	47.0	47.0
39840	123.5	48.0	47.0	47.0	48.0	47.0
39843	123.5	48.0	46.0	46.0	47.0	47.0
39846	123.5	48.0	47.0	47.0	48.0	47.0
39849	123.5	48.0	46.0	46.0	46.0	46.0
39852	123.5	48.0	46.0	46.0	47.0	47.0
39855	123.5	48.0	47.0	47.0	47.0	47.0
39858	123.5	48.0	46.0	46.0	48.0	47.0
39861	123.5	48.0	46.0	46.0	47.0	47.0
39864	123.5	48.0	46.0	47.0	47.0	47.0
39867	123.5	48.0	46.0	46.0	47.0	47.0
39870	123.5	48.0	47.0	47.0	48.0	48.0
39874	123.5	48.0	47.0	47.0	49.0	48.0
39877	123.5	48.0	46.0	46.0	48.0	48.0
39880	123.5	48.0	47.0	47.0	48.0	47.0
39883	123.5	48.0	47.0	47.0	48.0	48.0
39886	123.5	48.0	47.0	47.0	48.0	48.0
39889	123.5	48.0	47.0	47.0	49.0	48.0
39892	123.5	48.0	47.0	47.0	49.0	48.0
39895	123.5	48.0	47.0	47.0	48.0	48.0
39898	123.5	48.0	46.0	46.0	48.0	48.0
39901	123.5	48.0	47.0	47.0	49.0	48.0
39904	123.5	48.0	47.0	47.0	48.0	48.0
39907	123.5	48.0	46.0	46.0	48.0	48.0
39910	123.5	48.0	47.0	47.0	48.0	48.0
39913	123.5	48.0	47.0	47.0	48.0	48.0
39916	123.5	48.0	47.0	47.0	48.0	48.0
39919	123.5	48.0	47.0	47.0	48.0	48.0
39923	123.5	48.0	47.0	47.0	48.0	48.0
39926	123.5	48.0	47.0	47.0	48.0	48.0
39929	123.5	48.0	47.0	47.0	48.0	48.0
39932	123.5	48.0	47.0	47.0	48.0	48.0
39935	123.5	48.0	47.0	47.0	48.0	48.0
39938	123.5	48.0	48.0	48.0	48.0	48.0
39941	123.5	48.0	48.0	48.0	48.0	48.0
39944	123.5	48.0	47.0	47.0	48.0	48.0
39947	123.5	48.0	47.0	47.0	48.0	48.0
39950	123.5	48.0	47.0	47.0	48.0	48.0
39953	123.5	48.0	47.0	47.0	48.0	48.0
39956	123.5	48.0	47.0	47.0	48.0	48.0
39959	123.5	48.0	47.0	47.0	48.0	48.0
39962	123.5	48.0	48.0	48.0	48.0	48.0
39965	123.5	48.0	48.0	48.0	48.0	48.0
39968	123.5	48.0	48.0	48.0	48.0	48.0
39972	123.5	48.0	48.0	48.0	48.0	48.0
39975	123.5	48.0	48.0	48.0	48.0	49.0
39978	123.5	48.0	48.0	48.0	48.0	48.0
39981	123.5	48.0	48.0	48.0	48.0	48.0
39984	123.5	48.0	48.0	48.0	49.0	49.0
39987	123.5	48.0	48.0	48.0	49.0	49.0
39990	123.5	48.0	48.0	48.0	49.0	49.0
39993	123.5	48.0	48.0	48.0	49.0	49.0
39996	123.5	48.0	48.0	48.0	48.0	48.0
39999	123.5	48.0	48.0	48.0	48.0	49.0
40002	123.5	48.0	48.0	48.0	48.0	48.0
40005	123.5	48.0	48.0	48.0	49.0	49.0
40008	123.5	48.0	48.0	48.0	48.0	48.0
40011	123.5	48.0	48.0	48.0	49.0	49.0
40014	123.5	48.0	48.0	48.0	48.0	48.0
40017	123.5	48.0	48.0	48.0	48.0	48.0
40021	123.5	48.0	48.0	48.0	49.0	49.0
40024	123.5	48.0	48.0	48.0	48.0	48.0
40027	123.5	48.0	48.0	48.0	49.0	49.0
40030	123.5	48.0	48.0	48.0	49.0	49.0
40033	123.5	48.0	48.0	48.0	49.0	49.0
40036	123.5	48.0	48.0	48.0	49.0	49.0
40039	123.5	48.0	48.0	48.0	49.0	49.0
40042	123.5	48.0	48.0	48.0	49.0	48.0
40045	123.5	48.0	48.0	48.0	48.0	48.0
40048	123.5	48.0	48.0	48.0	49.0	49.0
40051	123.5	48.0	48.0	48.0	49.0	49.0
40054	123.5	48.0	49.0	49.0	49.0	49.0
40057	123.5	48.0	49.0	49.0	51.0	50.0
40060	123.5	48.0	49.0	49.0	49.0	49.0
40063	123.5	48.0	48.0	48.0	49.0	49.0
40066	123.5	48.0	49.0	49.0	50.0	50.0
40070	123.5	48.0	49.0	49.0	49.0	49.0
40073	123.5	48.0	48.0	48.0	49.0	49.0
40076	123.5	48.0	49.0	49.0	50.0	49.0
40079	123.5	48.0	48.0	48.0	49.0	49.0
40082	123.5	48.0	49.0	49.0	50.0	50.0
40085	123.5	48.0	49.0	49.0	49.0	49.0
40088	123.5	48.0	48.0	49.0	49.0	49.0
40091	123.5	48.0	49.0	49.0	49.0	49.0
40094	123.5	48.0	49.0	49.0	50.0	50.0
40097	123.5	48.0	49.0	49.0	49.0	49.0
40100	123.5	48.0	48.0	48.0	49.0	49.0
40103	123.5	48.0	48.0	48.0	49.0	49.0
40106	123.5	48.0	48.0	48.0	49.0	49.0
40109	123.5	48.0	48.0	48.0	49.0	49.0
40112	123.5	48.0	48.0	48.0	49.0	49.0
40115	123.5	48.0	50.0	50.0	52.0	51.0
40119	123.5	48.0	50.0	50.0	51.0	51.0
40122	123.5	48.0	50.0	50.0	51.0	51.0
40125	123.5	48.0	49.0	49.0	51.0	51.0
40128	123.5	48.0	49.0	49.0	50.0	50.0
40131	123.5	48.0	49.0	49.0	49.0	49.0
40134	123.5	48.0	48.0	48.0	49.0	49.0
40137	123.5	48.0	48.0	48.0	49.0	49.0
40140	123.5	48.0	49.0	49.0	50.0	50.0
40143	123.5	48.0	49.0	49.0	50.0	50.0
40146	123.5	48.0	49.0	49.0	50.0	50.0
40149	123.5	48.0	49.0	49.0	49.0	49.0
40152	123.5	48.0	49.0	49.0	49.0	49.0
40155	123.5	48.0	49.0	49.0	49.0	49.0
40158	123.5	48.0	48.0	48.0	49.0	49.0
40161	123.5	48.0	49.0	49.0	49.0	49.0
40164	123.5	48.0	49.0	49.0	49.0	49.0
40168	123.5	48.0	49.0	49.0	49.0	49.0
40171	123.5	48.0	49.0	49.0	50.0	50.0
40174	123.5	48.0	48.0	49.0	50.0	50.0
40177	123.5	48.0	49.0	49.0	50.0	50.0
40180	123.5	48.0	49.0	49.0	50.0	50.0
40183	123.5	48.0	49.0	49.0	50.0	50.0
40186	123.5	48.0	49.0	49.0	50.0	50.0
40189	123.5	48.0	48.0	49.0	50.0	50.0
40192	123.5	48.0	49.0	49.0	50.0	50.0
40195	123.5	48.0	49.0	49.0	50.0	50.0
40198	123.5	48.0	49.0	49.0	50.0	50.0
40201	123.5	48.0	49.0	49.0	50.0	50.0
40204	123.5	48.0	49.0	49.0	50.0	50.0
40207	123.5	48.0	49.0	49.0	51.0	50.0
40210	123.5	48.0	49.0	49.0	50.0	50.0
40213	123.5	48.0	49.0	49.0	50.0	50.0
40217	123.5	48.0	49.0	49.0	50.0	50.0
40220	123.5	48.0	49.0	49.0	50.0	50.0
40223	123.5	48.0	49.0	49.0	50.0	50.0
40226	123.5	48.0	49.0	49.0	50.0	50.0
40229	123.5	48.0	49.0	49.0	50.0	50.0
40232	123.5	48.0	49.0	49.0	50.0	50.0
40235	123.5	48.0	49.0	49.0	50.0	50.0
40238	123.5	48.0	49.0	49.0	50.0	50.0
40241	123.5	48.0	51.0	51.0	51.0	51.0
40244	123.5	48.0	50.0	50.0	50.0	50.0
40247	123.5	48.0	50.0	50.0	50.0	50.0
40250	123.5	48.0	50.0	50.0	51.0	50.0
40253	123.5	48.0	50.0	50.0	50.0	50.0
40256	123.5	48.0	49.0	49.0	50.0	50.0
40259	123.5	48.0	49.0	49.0	51.0	50.0
40262	123.5	48.0	50.0	50.0	51.0	50.0
40266	123.5	48.0	50.0	50.0	51.0	51.0
40269	123.5	48.0	49.0	49.0	51.0	51.0
40272	123.5	48.0	49.0	49.0	50.0	50.0
40275	123.5	48.0	50.0	50.0	51.0	51.0
40278	123.5	48.0	50.0	50.0	50.0	50.0
40281	123.5	48.0	50.0	50.0	50.0	50.0
40284	123.5	48.0	50.0	50.0	51.0	51.0
40287	123.5	48.0	50.0	50.0	51.0	51.0
40290	123.5	48.0	51.0	51.0	51.0	51.0
40293	123.5	48.0	50.0	50.0	51.0	51.0
40296	123.5	48.0	50.0	50.0	51.0	51.0
40299	123.5	48.0	50.0	50.0	50.0	51.0
40302	123.5	48.0	51.0	51.0	53.0	52.0
40305	123.5	48.0	51.0	51.0	51.0	51.0
40308	123.5	48.0	51.0	51.0	50.0	50.0
40311	123.5	48.0	50.0	50.0	51.0	51.0
40315	123.5	48.0	51.0	51.0	53.0	53.0
40318	123.5	48.0	51.0	51.0	52.0	52.0
40321	123.5	48.0	50.0	50.0	51.0	51.0
40324	123.5	48.0	50.0	50.0	51.0	51.0
40327	123.5	48.0	50.0	50.0	51.0	51.0
40330	123.5	48.0	50.0	50.0	51.0	51.0
40333	123.5	48.0	51.0	51.0	53.0	51.0
40336	123.5	48.0	51.0	51.0	53.0	51.0
40339	123.5	48.0	50.0	50.0	51.0	51.0
40342	123.5	48.0	51.0	51.0	51.0	51.0
40345	123.5	48.0	50.0	50.0	52.0	52.0
40348	123.5	48.0	51.0	51.0	52.0	51.0
40351	123.5	48.0	50.0	50.0	51.0	51.0
40354	123.5	48.0	51.0	51.0	52.0	52.0
40357	123.5	48.0	51.0	51.0	52.0	52.0
40360	123.5	48.0	50.0	50.0	51.0	51.0
40364	123.5	48.0	51.0	51.0	52.0	52.0
40367	123.5	48.0	51.0	51.0	52.0	52.0
40370	123.5	48.0	51.0	51.0	52.0	52.0
40373	123.5	48.0	51.0	51.0	51.0	51.0
40376	123.5	48.0	51.0	51.0	51.0	51.0
40379	123.5	48.0	51.0	51.0	51.0	51.0
40382	123.5	48.0	51.0	51.0	51.0	51.0
40385	123.5	48.0	50.0	50.0	51.0	51.0
40388	123.5	48.0	50.0	50.0	51.0	51.0
40391	123.5	48.0	50.0	50.0	51.0	51.0
40394	123.5	48.0	51.0	51.0	51.0	51.0
40397	123.5	48.0	51.0	51.0	51.0	51.0
40400	123.5	48.0	51.0	51.0	51.0	51.0
40403	123.5	48.0	51.0	51.0	51.0	51.0
40406	123.5	48.0	50.0	50.0	51.0	51.0
40409	123.5	48.0	50.0	50.0	51.0	51.0
40413	123.5	48.0	51.0	51.0	51.0	51.0
40416	123.5	48.0	51.0	51.0	52.0	52.0
40419	123.5	48.0	51.0	51.0	52.0	52.0
40422	123.5	48.0	51.0	51.0	52.0	52.0
40425	123.5	48.0	51.0	51.0	52.0	52.0
40428	123.5	48.0	51.0	51.0	52.0	52.0
40431	123.5	48.0	51.0	51.0	52.0	52.0
40434	123.5	48.0	51.0	51.0	52.0	52.0
40437	123.5	48.0	51.0	51.0	52.0	52.0
40440	123.5	48.0	51.0	51.0	52.0	52.0
40443	123.5	48.0	51.0	51.0	52.0	52.0
40446	123.5	48.0	51.0	51.0	52.0	52.0
40449	123.5	48.0	51.0	51.0	52.0	52.0
40452	123.5	48.0	50.0	50.0	52.0	52.0
40455	123.5	48.0	50.0	50.0	51.0	51.0
40458	123.5	48.0	51.0	51.0	51.0	51.0
40462	123.5	48.0	51.0	51.0	52.0	52.0
40465	123.5	48.0	51.0	51.0	52.0	52.0
40468	123.5	48.0	51.0	51.0	51.0	51.0
40471	123.5	48.0	50.0	50.0	51.0	51.0
40474	123.5	48.0	51.0	51.0	52.0	52.0
40477	123.5	48.0	51.0	51.0	52.0	52.0
40480	123.5	48.0	51.0	51.0	52.0	52.0
40483	123.5	48.0	51.0	51.0	52.0	52.0
40486	123.5	48.0	51.0	50.0	52.0	52.0
40489	123.5	48.0	51.0	51.0	52.0	52.0
40492	123.5	48.0	51.0	51.0	52.0	52.0
40495	123.5	48.0	51.0	51.0	52.0	52.0
40498	123.5	48.0	50.0	50.0	52.0	52.0
40501	123.5	48.0	51.0	51.0	52.0	52.0
40504	123.5	48.0	50.0	50.0	53.0	53.0
40507	123.5	48.0	51.0	51.0	51.0	51.0
40511	123.5	48.0	50.0	50.0	52.0	52.0
40514	123.5	48.0	51.0	51.0	52.0	52.0
40517	123.5	48.0	51.0	51.0	52.0	52.0
40520	123.5	48.0	51.0	51.0	52.0	52.0
40523	123.5	48.0	50.0	51.0	52.0	52.0
40526	123.5	48.0	51.0	51.0	52.0	52.0
40529	123.5	48.0	51.0	50.0	52.0	52.0
40532	123.5	48.0	52.0	52.0	52.0	52.0
40535	123.5	48.0	51.0	51.0	52.0	52.0
40538	123.5	48.0	51.0	51.0	52.0	52.0
40541	123.5	48.0	51.0	51.0	52.0	52.0
40544	123.5	48.0	51.0	51.0	52.0	52.0
40547	123.5	48.0	51.0	51.0	52.0	52.0
40550	123.5	48.0	51.0	51.0	52.0	52.0
40553	123.5	48.0	51.0	51.0	52.0	52.0
40556	123.5	48.0	51.0	51.0	52.0	52.0
40560	123.5	48.0	51.0	51.0	52.0	52.0
40563	123.5	48.0	51.0	51.0	52.0	52.0
40566	123.5	48.0	51.0	51.0	52.0	52.0
40569	123.5	48.0	51.0	51.0	52.0	52.0
40572	123.5	48.0	51.0	51.0	52.0	52.0
40575	123.5	48.0	51.0	51.0	52.0	52.0
40578	123.5	48.0	52.0	52.0	52.0	52.0
40581	123.5	48.0	51.0	51.0	52.0	52.0
40584	123.5	48.0	52.0	52.0	53.0	53.0
40587	123.5	48.0	52.0	52.0	52.0	52.0
40590	123.5	48.0	52.0	52.0	53.0	53.0
40593	123.5	48.0	53.0	53.0	54.0	54.0
40596	123.5	48.0	52.0	52.0	53.0	53.0
40599	123.5	48.0	52.0	52.0	52.0	52.0
40602	123.5	48.0	52.0	52.0	53.0	53.0
40605	123.5	48.0	52.0	52.0	52.0	52.0
40609	123.5	48.0	52.0	52.0	54.0	53.0
40612	123.5	48.0	52.0	52.0	52.0	52.0
40615	123.5	48.0	52.0	52.0	53.0	53.0
40618	123.5	48.0	52.0	52.0	54.0	53.0
40621	123.5	48.0	51.0	51.0	52.0	52.0
40624	123.5	48.0	51.0	51.0	52.0	52.0
40627	123.5	48.0	51.0	51.0	52.0	52.0
40630	123.5	48.0	51.0	51.0	52.0	52.0
40633	123.5	48.0	51.0	51.0	52.0	52.0
40636	123.5	48.0	51.0	51.0	52.0	52.0
40639	123.5	48.0	51.0	51.0	52.0	52.0
40642	123.5	48.0	51.0	51.0	52.0	52.0
40645	123.5	48.0	51.0	51.0	52.0	52.0
40648	123.5	48.0	51.0	51.0	52.0	52.0
40651	123.5	48.0	51.0	51.0	52.0	52.0
40655	123.5	48.0	51.0	51.0	52.0	52.0
40658	123.5	48.0	51.0	51.0	52.0	52.0
40661	123.5	48.0	51.0	51.0	52.0	52.0
40664	123.5	48.0	51.0	51.0	52.0	52.0
40667	123.5	48.0	52.0	52.0	53.0	52.0
40670	123.5	48.0	52.0	52.0	52.0	52.0
40673	123.5	48.0	52.0	52.0	52.0	52.0
40676	123.5	48.0	51.0	51.0	52.0	52.0
40679	123.5	48.0	51.0	51.0	52.0	52.0
40682	123.5	48.0	51.0	51.0	52.0	52.0
40685	123.5	48.0	51.0	51.0	52.0	52.0
40688	123.5	48.0	51.0	51.0	52.0	52.0
40691	123.5	48.0	51.0	51.0	52.0	52.0
40694	123.5	48.0	51.0	51.0	52.0	52.0
40697	123.5	48.0	51.0	51.0	52.0	52.0
40701	123.5	48.0	51.0	51.0	52.0	52.0
40704	123.5	48.0	51.0	51.0	52.0	52.0
40707	123.5	48.0	51.0	51.0	52.0	52.0
40710	123.5	48.0	51.0	51.0	52.0	52.0
40713	123.5	48.0	51.0	51.0	52.0	52.0
40716	123.5	48.0	51.0	51.0	52.0	52.0
40719	123.5	48.0	51.0	51.0	52.0	52.0
40722	123.5	48.0	51.0	51.0	52.0	52.0
40725	123.5	48.0	51.0	51.0	52.0	52.0
40728	123.5	48.0	51.0	51.0	52.0	52.0
40731	123.5	48.0	51.0	51.0	52.0	52.0
40734	123.5	48.0	52.0	52.0	52.0	52.0
40737	123.5	48.0	52.0	52.0	52.0	52.0
40740	123.5	48.0	52.0	52.0	52.0	52.0
40743	123.5	48.0	51.0	51.0	52.0	52.0
40747	123.5	48.0	51.0	51.0	53.0	53.0
40750	123.5	48.0	51.0	51.0	52.0	52.0
40753	123.5	48.0	51.0	51.0	52.0	52.0
40756	123.5	48.0	51.0	51.0	52.0	52.0
40759	123.5	48.0	51.0	51.0	52.0	52.0
40762	123.5	48.0	51.0	51.0	52.0	52.0
40765	123.5	48.0	51.0	51.0	52.0	52.0
40768	123.5	48.0	51.0	51.0	52.0	52.0
40771	123.5	48.0	51.0	51.0	52.0	52.0
40774	123.5	48.0	51.0	51.0	52.0	52.0
40777	123.5	48.0	51.0	51.0	52.0	52.0
40780	123.5	48.0	51.0	51.0	52.0	52.0
40783	123.5	48.0	51.0	51.0	52.0	52.0
40786	123.5	48.0	52.0	52.0	52.0	52.0
40789	123.5	48.0	51.0	51.0	52.0	52.0
40793	123.5	48.0	52.0	52.0	52.0	52.0
40796	123.5	48.0	51.0	51.0	52.0	52.0
40799	123.5	48.0	51.0	51.0	52.0	52.0
40802	123.5	48.0	51.0	51.0	52.0	52.0
40805	123.5	48.0	51.0	51.0	52.0	52.0
40808	123.5	48.0	51.0	51.0	52.0	52.0
40811	123.5	48.0	51.0	51.0	52.0	52.0
40814	123.5	48.0	51.0	51.0	52.0	52.0
40817	123.5	48.0	51.0	51.0	52.0	52.0
40820	123.5	48.0	51.0	51.0	52.0	52.0
40823	123.5	48.0	51.0	51.0	52.0	52.0
40826	123.5	48.0	51.0	51.0	52.0	52.0
40829	123.5	48.0	51.0	51.0	52.0	52.0
40832	123.5	48.0	51.0	51.0	52.0	52.0
40835	123.5	48.0	51.0	51.0	52.0	52.0
40839	123.5	48.0	51.0	51.0	52.0	52.0
40842	123.5	48.0	51.0	51.0	52.0	52.0
40845	123.5	48.0	51.0	51.0	52.0	52.0
40848	123.5	48.0	51.0	51.0	52.0	52.0
40851	123.5	48.0	51.0	51.0	52.0	52.0
40854	123.5	48.0	51.0	51.0	52.0	52.0
40857	123.5	48.0	51.0	51.0	52.0	52.0
40860	123.5	48.0	52.0	52.0	54.0	53.0
40863	123.5	48.0	52.0	52.0	55.0	53.0
40866	123.5	48.0	52.0	52.0	55.0	53.0
40869	123.5	48.0	52.0	52.0	55.0	54.0
40872	123.5	48.0	52.0	52.0	53.0	53.0
40875	123.5	48.0	53.0	53.0	52.0	52.0
40878	123.5	48.0	52.0	53.0	53.0	53.0
40882	123.5	48.0	52.0	52.0	53.0	53.0
40885	123.5	48.0	52.0	52.0	55.0	54.0
40888	123.5	48.0	52.0	52.0	55.0	54.0
40891	123.5	48.0	52.0	52.0	55.0	53.0
40894	123.5	48.0	52.0	52.0	55.0	54.0
40897	123.5	48.0	52.0	52.0	55.0	53.0
40900	123.5	48.0	52.0	52.0	53.0	53.0
40903	123.5	48.0	52.0	52.0	52.0	52.0
40906	123.5	48.0	52.0	52.0	52.0	52.0
40909	123.5	48.0	52.0	52.0	52.0	52.0
40912	123.5	48.0	52.0	52.0	52.0	52.0
40915	123.5	48.0	52.0	52.0	52.0	52.0
40918	123.5	48.0	52.0	52.0	52.0	52.0
40921	123.5	48.0	52.0	52.0	52.0	52.0
40924	123.5	48.0	52.0	52.0	52.0	52.0
40928	123.5	48.0	52.0	52.0	52.0	52.0
40931	123.5	48.0	52.0	52.0	52.0	52.0
40934	123.5	48.0	52.0	52.0	52.0	52.0
40937	123.5	48.0	52.0	52.0	52.0	52.0
40940	123.5	48.0	52.0	52.0	52.0	52.0
40943	123.5	48.0	52.0	52.0	52.0	52.0
40946	123.5	48.0	52.0	52.0	52.0	52.0
40949	123.5	48.0	52.0	52.0	52.0	52.0
40952	123.5	48.0	51.0	51.0	52.0	52.0
40955	123.5	48.0	51.0	51.0	52.0	52.0
40958	123.5	48.0	51.0	51.0	52.0	52.0
40961	123.5	48.0	51.0	51.0	52.0	52.0
40964	123.5	48.0	52.0	52.0	52.0	52.0
40967	123.5	48.0	52.0	52.0	52.0	52.0
40970	123.5	48.0	52.0	52.0	52.0	52.0
40973	123.5	48.0	52.0	52.0	53.0	52.0
40977	123.5	48.0	52.0	52.0	53.0	53.0
40980	123.5	48.0	52.0	52.0	52.0	52.0
40983	123.5	48.0	52.0	52.0	52.0	52.0
40986	123.5	48.0	52.0	52.0	52.0	52.0
40989	123.5	48.0	52.0	52.0	52.0	52.0
40992	123.5	48.0	52.0	52.0	52.0	52.0
40995	123.5	48.0	52.0	52.0	52.0	52.0
40998	123.5	48.0	52.0	52.0	52.0	52.0
41001	123.5	48.0	52.0	52.0	52.0	52.0
41004	123.5	48.0	52.0	52.0	52.0	52.0
41007	123.5	48.0	52.0	52.0	52.0	52.0
41010	123.5	48.0	52.0	52.0	52.0	52.0
41013	123.5	48.0	52.0	52.0	52.0	52.0
41016	123.5	48.0	52.0	52.0	52.0	52.0
41019	123.5	48.0	52.0	52.0	52.0	52.0
41023	123.5	48.0	52.0	52.0	52.0	52.0
41026	123.5	48.0	52.0	52.0	52.0	52.0
41029	123.5	48.0	52.0	52.0	52.0	52.0
41032	123.5	48.0	52.0	52.0	52.0	52.0
41035	123.5	48.0	52.0	52.0	52.0	52.0
41038	123.5	48.0	52.0	52.0	52.0	52.0
41041	123.5	48.0	52.0	52.0	53.0	53.0
41044	123.5	48.0	52.0	52.0	52.0	52.0
41047	123.5	48.0	52.0	52.0	52.0	52.0
41050	123.5	48.0	52.0	52.0	52.0	52.0
41053	123.5	48.0	52.0	52.0	52.0	52.0
41056	123.5	48.0	52.0	52.0	52.0	52.0
41059	123.5	48.0	52.0	52.0	52.0	52.0
41062	123.5	48.0	52.0	52.0	52.0	52.0
41065	123.5	48.0	52.0	52.0	52.0	52.0
41069	123.5	48.0	52.0	52.0	52.0	52.0
41072	123.5	48.0	52.0	52.0	52.0	52.0
41075	123.5	48.0	52.0	52.0	52.0	52.0
41078	123.5	48.0	52.0	52.0	52.0	52.0
41081	123.5	48.0	52.0	52.0	52.0	52.0
41084	123.5	48.0	52.0	52.0	52.0	52.0
41087	123.5	48.0	52.0	52.0	52.0	52.0
41090	123.5	48.0	52.0	52.0	52.0	52.0
41093	123.5	48.0	52.0	52.0	52.0	52.0
41096	123.5	48.0	52.0	52.0	53.0	53.0
41099	123.5	48.0	52.0	52.0	52.0	52.0
41102	123.5	48.0	52.0	52.0	52.0	52.0
41105	123.5	48.0	52.0	52.0	52.0	52.0
41108	123.5	48.0	52.0	52.0	52.0	52.0
41111	123.5	48.0	51.0	51.0	52.0	52.0
41115	123.5	48.0	51.0	51.0	52.0	52.0
41118	123.5	48.0	51.0	51.0	52.0	52.0
41121	123.5	48.0	51.0	51.0	52.0	52.0
41124	123.5	48.0	51.0	51.0	52.0	52.0
41127	123.5	48.0	51.0	51.0	52.0	52.0
41130	123.5	48.0	51.0	51.0	52.0	52.0
41133	123.5	48.0	51.0	51.0	53.0	52.0
41136	123.5	48.0	51.0	51.0	52.0	52.0
41139	123.5	48.0	51.0	51.0	52.0	52.0
41142	123.5	48.0	51.0	51.0	52.0	52.0
41145	123.5	48.0	51.0	51.0	52.0	52.0
41148	123.5	48.0	51.0	51.0	52.0	52.0
41151	123.5	48.0	52.0	52.0	52.0	52.0
41154	123.5	48.0	52.0	52.0	52.0	52.0
41157	123.5	48.0	52.0	52.0	52.0	52.0
41160	123.5	48.0	52.0	52.0	52.0	52.0
41164	123.5	48.0	52.0	52.0	52.0	52.0
41167	123.5	48.0	52.0	52.0	52.0	52.0
41170	123.5	48.0	52.0	52.0	52.0	52.0
41173	123.5	48.0	52.0	52.0	52.0	52.0
41176	123.5	48.0	52.0	52.0	52.0	52.0
41179	123.5	48.0	52.0	52.0	52.0	52.0
41182	123.5	48.0	52.0	52.0	52.0	52.0
41185	123.5	48.0	52.0	52.0	52.0	52.0
41188	123.5	48.0	52.0	52.0	52.0	52.0
41191	123.5	48.0	52.0	52.0	52.0	52.0
41194	123.5	48.0	52.0	52.0	52.0	52.0
41197	123.5	48.0	52.0	52.0	52.0	52.0
41200	123.5	48.0	52.0	52.0	52.0	52.0
41203	123.5	48.0	51.0	51.0	52.0	52.0
41206	123.5	48.0	51.0	51.0	52.0	52.0
41209	123.5	48.0	52.0	53.0	52.0	52.0
41213	123.5	48.0	51.0	51.0	52.0	52.0
41216	123.5	48.0	52.0	52.0	53.0	53.0
41219	123.5	48.0	51.0	50.0	52.0	52.0
41222	123.5	48.0	51.0	51.0	52.0	52.0
41225	123.5	48.0	50.0	50.0	52.0	52.0
41228	123.5	48.0	50.0	50.0	52.0	52.0
41231	123.5	48.0	50.0	50.0	52.0	52.0
41234	123.5	48.0	51.0	51.0	52.0	52.0
41237	123.5	48.0	50.0	50.0	52.0	52.0
41240	123.5	48.0	51.0	51.0	52.0	52.0
41243	123.5	48.0	51.0	51.0	52.0	52.0
41246	123.5	48.0	51.0	51.0	52.0	52.0
41249	123.5	48.0	50.0	50.0	52.0	52.0
41252	123.5	48.0	51.0	51.0	51.0	51.0
41255	123.5	48.0	51.0	51.0	51.0	51.0
41258	123.5	48.0	51.0	51.0	51.0	51.0
41262	123.5	48.0	50.0	50.0	51.0	51.0
41265	123.5	48.0	51.0	51.0	51.0	51.0
41268	123.5	48.0	51.0	51.0	51.0	51.0
41271	123.5	48.0	51.0	51.0	51.0	51.0
41274	123.5	48.0	50.0	50.0	52.0	52.0
41277	123.5	48.0	50.0	50.0	52.0	52.0
41280	123.5	48.0	51.0	51.0	52.0	52.0
41283	123.5	48.0	50.0	50.0	52.0	52.0
41286	123.5	48.0	50.0	50.0	51.0	51.0
41289	123.5	48.0	50.0	50.0	51.0	51.0
41292	123.5	48.0	50.0	50.0	51.0	51.0
41295	123.5	48.0	50.0	50.0	51.0	51.0
41298	123.5	48.0	51.0	51.0	51.0	51.0
41301	123.5	48.0	51.0	51.0	51.0	51.0
41304	123.5	48.0	51.0	51.0	51.0	51.0
41307	123.5	48.0	51.0	51.0	51.0	51.0
41311	123.5	48.0	51.0	51.0	52.0	52.0
41314	123.5	48.0	51.0	51.0	52.0	52.0
41317	123.5	48.0	51.0	51.0	52.0	52.0
41320	123.5	48.0	50.0	50.0	51.0	51.0
41323	123.5	48.0	50.0	50.0	51.0	51.0
41326	123.5	48.0	51.0	51.0	51.0	51.0
41329	123.5	48.0	50.0	50.0	51.0	51.0
41332	123.5	48.0	50.0	50.0	51.0	51.0
41335	123.5	48.0	50.0	50.0	51.0	51.0
41338	123.5	48.0	50.0	50.0	51.0	51.0
41341	123.5	48.0	50.0	50.0	52.0	52.0
41344	123.5	48.0	50.0	50.0	51.0	51.0
41347	123.5	48.0	50.0	50.0	51.0	51.0
41350	123.5	48.0	50.0	51.0	51.0	51.0
41353	123.5	48.0	50.0	50.0	51.0	51.0
41357	123.5	48.0	50.0	50.0	51.0	51.0
41360	123.5	48.0	50.0	50.0	51.0	51.0
41363	123.5	48.0	51.0	51.0	51.0	51.0
41366	123.5	48.0	51.0	51.0	51.0	51.0
41369	123.5	48.0	50.0	50.0	51.0	51.0
41372	123.5	48.0	50.0	50.0	51.0	51.0
41375	123.5	48.0	50.0	50.0	51.0	51.0
41378	123.5	48.0	50.0	50.0	50.0	50.0
41381	123.5	48.0	50.0	50.0	51.0	51.0
41384	123.5	48.0	50.0	50.0	50.0	50.0
41387	123.5	48.0	50.0	50.0	51.0	51.0
41390	123.5	48.0	50.0	50.0	51.0	51.0
41393	123.5	48.0	50.0	50.0	51.0	51.0
41396	123.5	48.0	51.0	51.0	53.0	51.0
41399	123.5	48.0	50.0	50.0	51.0	51.0
41402	123.5	48.0	50.0	50.0	51.0	51.0
41406	123.5	48.0	50.0	50.0	51.0	51.0
41409	123.5	48.0	50.0	50.0	51.0	51.0
41412	123.5	48.0	50.0	50.0	50.0	50.0
41415	123.5	48.0	50.0	50.0	50.0	50.0
41418	123.5	48.0	50.0	50.0	51.0	51.0
41421	123.5	48.0	50.0	50.0	51.0	51.0
41424	123.5	48.0	50.0	50.0	51.0	51.0
41427	123.5	48.0	50.0	50.0	51.0	51.0
41430	123.5	48.0	50.0	50.0	51.0	50.0
41433	123.5	48.0	50.0	50.0	51.0	51.0
41436	123.5	48.0	50.0	50.0	51.0	51.0
41439	123.5	48.0	50.0	50.0	51.0	51.0
41442	123.5	48.0	50.0	50.0	50.0	50.0
41445	123.5	48.0	50.0	50.0	51.0	51.0
41448	123.5	48.0	50.0	50.0	50.0	50.0
41451	123.5	48.0	50.0	50.0	52.0	52.0
41454	123.5	48.0	50.0	50.0	51.0	51.0
41458	123.5	48.0	50.0	50.0	51.0	51.0
41461	123.5	48.0	50.0	50.0	51.0	51.0
41464	123.5	48.0	50.0	50.0	50.0	50.0
41467	123.5	48.0	50.0	50.0	50.0	50.0
41470	123.5	48.0	50.0	50.0	50.0	50.0
41473	123.5	48.0	50.0	50.0	50.0	50.0
41476	123.5	48.0	50.0	50.0	50.0	50.0
41479	123.5	48.0	50.0	50.0	50.0	50.0
41482	123.5	48.0	50.0	50.0	51.0	51.0
41485	123.5	48.0	50.0	50.0	51.0	51.0
41488	123.5	48.0	50.0	50.0	50.0	50.0
41491	123.5	48.0	50.0	50.0	51.0	51.0
41494	123.5	48.0	50.0	50.0	50.0	50.0
41497	123.5	48.0	50.0	50.0	50.0	50.0
41500	123.5	48.0	50.0	50.0	50.0	50.0
41504	123.5	48.0	50.0	50.0	50.0	51.0
41507	123.5	48.0	50.0	50.0	50.0	50.0
41510	123.5	48.0	50.0	50.0	51.0	51.0
41513	123.5	48.0	50.0	50.0	51.0	51.0
41516	123.5	48.0	50.0	50.0	51.0	51.0
41519	123.5	48.0	50.0	50.0	50.0	50.0
41522	123.5	48.0	50.0	50.0	50.0	50.0
41525	123.5	48.0	50.0	50.0	51.0	51.0
41528	123.5	48.0	50.0	50.0	51.0	51.0
41531	123.5	48.0	50.0	50.0	50.0	50.0
41534	123.5	48.0	50.0	50.0	50.0	50.0
41537	123.5	48.0	50.0	50.0	50.0	50.0
41540	123.5	48.0	50.0	50.0	50.0	50.0
41543	123.5	48.0	50.0	50.0	51.0	51.0
41546	123.5	48.0	50.0	50.0	50.0	50.0
41549	123.5	48.0	50.0	50.0	50.0	50.0
41553	123.5	48.0	50.0	50.0	50.0	50.0
41556	123.5	48.0	50.0	50.0	51.0	51.0
41559	123.5	48.0	50.0	50.0	50.0	50.0
41562	123.5	48.0	50.0	50.0	50.0	50.0
41565	123.5	48.0	50.0	50.0	50.0	50.0
41568	123.5	48.0	50.0	50.0	50.0	50.0
41571	123.5	48.0	50.0	50.0	50.0	50.0
41574	123.5	48.0	50.0	50.0	50.0	50.0
41577	123.5	48.0	50.0	50.0	50.0	50.0
41580	123.5	48.0	50.0	50.0	50.0	50.0
41583	123.5	48.0	50.0	50.0	50.0	50.0
41586	123.5	48.0	50.0	50.0	50.0	50.0
41589	123.5	48.0	50.0	50.0	50.0	50.0
41592	123.5	48.0	50.0	50.0	50.0	50.0
41595	123.5	48.0	50.0	50.0	50.0	50.0
41598	123.5	48.0	50.0	50.0	50.0	50.0
41602	123.5	48.0	50.0	50.0	50.0	50.0
41605	123.5	48.0	50.0	50.0	50.0	50.0
41608	123.5	48.0	50.0	50.0	50.0	50.0
41611	123.5	48.0	50.0	50.0	50.0	50.0
41614	123.5	48.0	50.0	50.0	50.0	50.0
41617	123.5	48.0	50.0	50.0	50.0	50.0
41620	123.5	48.0	50.0	50.0	51.0	51.0
41623	123.5	48.0	50.0	50.0	50.0	50.0
41626	123.5	48.0	50.0	50.0	51.0	51.0
41629	123.5	48.0	50.0	50.0	50.0	50.0
41632	123.5	48.0	50.0	50.0	51.0	50.0
41635	123.5	48.0	50.0	50.0	50.0	50.0
41638	123.5	48.0	50.0	50.0	50.0	50.0
41641	123.5	48.0	50.0	50.0	51.0	51.0
41644	123.5	48.0	50.0	50.0	50.0	50.0
41647	123.5	48.0	50.0	50.0	50.0	50.0
41651	123.5	48.0	50.0	50.0	51.0	50.0
41654	123.5	48.0	50.0	50.0	50.0	50.0
41657	123.5	48.0	50.0	50.0	50.0	50.0
41660	123.5	48.0	50.0	50.0	50.0	50.0
41663	123.5	48.0	50.0	50.0	50.0	51.0
41666	123.5	48.0	50.0	50.0	50.0	50.0
41669	123.5	48.0	50.0	50.0	50.0	50.0
41672	123.5	48.0	50.0	50.0	50.0	50.0
41675	123.5	48.0	50.0	50.0	50.0	50.0
41678	123.5	48.0	50.0	50.0	50.0	50.0
41681	123.5	48.0	50.0	50.0	50.0	50.0
41684	123.5	48.0	50.0	50.0	51.0	51.0
41687	123.5	48.0	50.0	50.0	50.0	50.0
41690	123.5	48.0	50.0	50.0	50.0	50.0
41693	123.5	48.0	50.0	50.0	50.0	50.0
41696	123.5	48.0	50.0	50.0	51.0	51.0
41700	123.5	48.0	50.0	50.0	50.0	50.0
41703	123.5	48.0	50.0	50.0	50.0	50.0
41706	123.5	48.0	50.0	50.0	50.0	50.0
41709	123.5	48.0	50.0	50.0	50.0	50.0
41712	123.5	48.0	50.0	50.0	50.0	50.0
41715	123.5	48.0	50.0	50.0	50.0	50.0
41718	123.5	48.0	50.0	50.0	50.0	50.0
41721	123.5	48.0	50.0	50.0	50.0	50.0
41724	123.5	48.0	50.0	50.0	50.0	50.0
41727	123.5	48.0	50.0	50.0	50.0	50.0
41730	123.5	48.0	50.0	50.0	50.0	50.0
41733	123.5	48.0	50.0	50.0	50.0	50.0
41736	123.5	48.0	50.0	50.0	50.0	50.0
41739	123.5	48.0	49.0	49.0	50.0	50.0
41742	123.5	48.0	49.0	49.0	50.0	50.0
41745	123.5	48.0	49.0	49.0	50.0	50.0
41749	123.5	48.0	49.0	49.0	51.0	51.0
41752	123.5	48.0	49.0	49.0	50.0	50.0
41755	123.5	48.0	50.0	50.0	51.0	50.0
41758	123.5	48.0	50.0	50.0	51.0	50.0
41761	123.5	48.0	50.0	50.0	50.0	50.0
41764	123.5	48.0	49.0	49.0	50.0	50.0
41767	123.5	48.0	49.0	49.0	50.0	50.0
41770	123.5	48.0	49.0	49.0	50.0	50.0
41773	123.5	48.0	49.0	49.0	50.0	50.0
41776	123.5	48.0	50.0	50.0	50.0	50.0
41779	123.5	48.0	50.0	50.0	50.0	50.0
41782	123.5	48.0	50.0	50.0	50.0	50.0
41785	123.5	48.0	50.0	50.0	50.0	50.0
41788	123.5	48.0	49.0	49.0	50.0	50.0
41791	123.5	48.0	49.0	49.0	50.0	50.0
41794	123.5	48.0	49.0	49.0	50.0	50.0
41798	123.5	48.0	49.0	49.0	50.0	50.0
41801	123.5	48.0	49.0	49.0	50.0	50.0
41804	123.5	48.0	49.0	49.0	50.0	50.0
41807	123.5	48.0	49.0	49.0	50.0	50.0
41810	123.5	48.0	49.0	49.0	50.0	50.0
41813	123.5	48.0	49.0	49.0	50.0	50.0
41816	123.5	48.0	50.0	50.0	50.0	50.0
41819	123.5	48.0	51.0	50.0	50.0	50.0
41822	123.5	48.0	50.0	50.0	50.0	50.0
41825	123.5	48.0	49.0	49.0	50.0	50.0
41828	123.5	48.0	50.0	50.0	50.0	50.0
41831	123.5	48.0	50.0	50.0	50.0	50.0
41834	123.5	48.0	50.0	50.0	50.0	50.0
41837	123.5	48.0	50.0	50.0	50.0	50.0
41840	123.5	48.0	50.0	50.0	50.0	50.0
41843	123.5	48.0	49.0	49.0	50.0	50.0
41847	123.5	48.0	49.0	49.0	50.0	50.0
41850	123.5	48.0	49.0	49.0	50.0	50.0
41853	123.5	48.0	49.0	49.0	50.0	50.0
41856	123.5	48.0	49.0	49.0	50.0	50.0
41859	123.5	48.0	49.0	49.0	50.0	50.0
41862	123.5	48.0	49.0	49.0	50.0	50.0
41865	123.5	48.0	49.0	49.0	50.0	50.0
41868	123.5	48.0	49.0	49.0	50.0	50.0
41871	123.5	48.0	49.0	49.0	50.0	50.0
41874	123.5	48.0	49.0	49.0	50.0	50.0
41877	123.5	48.0	49.0	49.0	50.0	50.0
41880	123.5	48.0	49.0	49.0	50.0	50.0
41883	123.5	48.0	49.0	49.0	50.0	50.0
41886	123.5	48.0	49.0	49.0	50.0	50.0
41889	123.5	48.0	49.0	49.0	50.0	50.0
41892	123.5	48.0	49.0	49.0	50.0	50.0
41896	123.5	48.0	49.0	49.0	50.0	50.0
41899	123.5	48.0	49.0	49.0	50.0	50.0
41902	123.5	48.0	49.0	49.0	50.0	50.0
41905	123.5	48.0	49.0	49.0	50.0	50.0
41908	123.5	48.0	49.0	49.0	50.0	50.0
41911	123.5	48.0	49.0	49.0	50.0	50.0
41914	123.5	48.0	49.0	49.0	50.0	50.0
41917	123.5	48.0	49.0	49.0	50.0	50.0
41920	123.5	48.0	49.0	49.0	50.0	50.0
41923	123.5	48.0	49.0	49.0	50.0	50.0
41926	123.5	48.0	49.0	49.0	50.0	50.0
41929	123.5	48.0	49.0	49.0	50.0	50.0
41932	123.5	48.0	49.0	49.0	50.0	50.0
41935	123.5	48.0	49.0	49.0	50.0	50.0
41938	123.5	48.0	49.0	49.0	49.0	49.0
41942	123.5	48.0	49.0	49.0	51.0	50.0
41945	123.5	48.0	49.0	49.0	50.0	50.0
41948	123.5	48.0	49.0	49.0	50.0	50.0
41951	123.5	48.0	49.0	49.0	50.0	50.0
41954	123.5	48.0	49.0	49.0	50.0	50.0
41957	123.5	48.0	49.0	49.0	50.0	50.0
41960	123.5	48.0	49.0	49.0	50.0	50.0
41963	123.5	48.0	49.0	49.0	50.0	50.0
41966	123.5	48.0	49.0	49.0	50.0	50.0
41969	123.5	48.0	49.0	49.0	50.0	50.0
41972	123.5	48.0	49.0	49.0	50.0	50.0
41975	123.5	48.0	49.0	49.0	50.0	50.0
41978	123.5	48.0	49.0	49.0	50.0	50.0
41981	123.5	48.0	49.0	49.0	50.0	50.0
41984	123.5	48.0	49.0	49.0	50.0	50.0
41987	123.5	48.0	49.0	49.0	50.0	50.0
41990	123.5	48.0	49.0	49.0	50.0	50.0
41994	123.5	48.0	49.0	49.0	50.0	50.0
41997	123.5	48.0	49.0	50.0	50.0	50.0
42000	123.5	48.0	49.0	49.0	50.0	50.0
42003	123.5	48.0	49.0	49.0	50.0	50.0
42006	123.5	48.0	49.0	49.0	50.0	50.0
42009	123.5	48.0	48.0	49.0	50.0	50.0
42012	123.5	48.0	49.0	48.0	49.0	49.0
42015	123.5	48.0	48.0	48.0	49.0	49.0
42018	123.5	48.0	49.0	49.0	49.0	49.0
42021	123.5	48.0	49.0	49.0	49.0	49.0
42024	123.5	48.0	49.0	49.0	49.0	49.0
42027	123.5	48.0	49.0	49.0	49.0	49.0
42030	123.5	48.0	50.0	50.0	51.0	51.0
42033	123.5	48.0	50.0	50.0	51.0	51.0
42037	123.5	48.0	50.0	50.0	51.0	51.0
42040	123.5	48.0	50.0	50.0	51.0	51.0
42043	123.5	48.0	50.0	50.0	51.0	51.0
42046	123.5	48.0	51.0	51.0	52.0	52.0
42049	123.5	48.0	51.0	51.0	51.0	51.0
42052	123.5	48.0	50.0	50.0	51.0	51.0
42055	123.5	48.0	50.0	51.0	52.0	52.0
